,Max Similarity Ratio,Itteration
25,2.669594441828553,100
50,2.5430364653562147,100
100,1.9804814209229558,100
150,1.7982038509653353,100
200,1.935211423956753,60
